[
  {
    "id": 1,
    "name": "Real Madrid"
  },
  {
    "id": 2,
    "name": "Barcelona"
  },
  {
    "id": 3,
    "name": "Manchester City"
  },
  {
    "id": 4,
    "name": "Arsenal"
  },
  {
    "id": 5,
    "name": "Manchester United"
  },
  {
    "id": 6,
    "name": "Bayern Munich"
  },
  {
    "id": 7,
    "name": "Sevilla"
  },
  {
    "id": 8,
    "name": "Napoli"
  },
  {
    "id": 9,
    "name": "Benfica"
  },
  {
    "id": 10,
    "name": "Feyenoord"
  },
  {
    "id": 11,
    "name": "Paris Saint-Germain"
  },
  {
    "id": 12,
    "name": "Porto"
  },
  {
    "id": 13,
    "name": "Inter Milan"
  },
  {
    "id": 14,
    "name": "Atletico Madrid"
  },
  {
    "id": 15,
    "name": "Borussia Dortmund"
  },
  {
    "id": 16,
    "name": "AC Milan"
  },
  {
    "id": 17,
    "name": "RB Leipzig"
  },
  {
    "id": 18,
    "name": "Lazio"
  },
  {
    "id": 19,
    "name": "RB Salzburg"
  },
  {
    "id": 20,
    "name": "Celtic"
  },
  {
    "id": 21,
    "name": "Newcastle United"
  },
  {
    "id": 22,
    "name": "Red Star Belgrade"
  },
  {
    "id": 23,
    "name": "Young Boys"
  },
  {
    "id": 24,
    "name": "Shakhtar Donetsk"
  },
  {
    "id": 25,
    "name": "Royal Antwerp"
  },
  {
    "id": 26,
    "name": "FC Copenhagen"
  },
  {
    "id": 27,
    "name": "Galatasaray"
  },
  {
    "id": 28,
    "name": "PSV Eindhoven"
  },
  {
    "id": 29,
    "name": "Lens"
  },
  {
    "id": 30,
    "name": "Sporting Braga"
  },
  {
    "id": 31,
    "name": "Union Berlin"
  },
  {
    "id": 32,
    "name": "Real Sociedad"
  }
]
